{"ssim": 0.589382757272384, "hist": 0.20530862136380798, "orb": 0.20530862136380798}